Datetime,Tweet Id,Content
2022-10-21 17:01:06+00:00,1583503656325816320,ğŸŒˆ Prenom pour fille du jour: ğŸ’• Rosalie ğŸ’•! Trouvez d'autres prÃ©noms uniques sur l'appli. ğŸ“± https://t.co/a6l0HQvTQf ou ğŸ“” dÃ©couvrez plus d'informations sur le prÃ©nom #Rosalie sur https://t.co/rwjfcfqqMl #prÃ©nom #enceinte #bÃ©bÃ© #maternitÃ© #parents #futuremaman #grossesse https://t.co/F2v6jSAoqN
2022-10-21 08:37:25+00:00,1583376902227623937,"Retrouvez nous demain pour plus de citationsğŸŒ

#aventuregrossesse #bienetreperinatal #enceinte #bebe #maman #futuremaman #accouchement https://t.co/x5J5sQYUjW"
2022-10-21 07:01:39+00:00,1583352801131905026,"Quel est ta plus belle Citation ? Partage-la nous en commentaire !ğŸŒ
.
#citation #citationbebe #citationgrossesse #grossesse #enceinte #futuremaman https://t.co/5bUUE10z3h"
2022-10-21 06:01:05+00:00,1583337558209335296,ğŸŒˆ Prenom pour garÃ§on du jour: ğŸ’• Paul ğŸ’•! Trouvez d'autres prÃ©noms uniques sur l'appli. ğŸ“± https://t.co/a6l0HQO34n ou ğŸ“” dÃ©couvrez plus d'informations sur le prÃ©nom #Paul sur https://t.co/W05S5nxXmA #prÃ©nom #enceinte #bÃ©bÃ© #maternitÃ© #parents #futuremaman #grossesse https://t.co/WMyCcwEmG3
2022-10-20 17:01:05+00:00,1583141263649361920,ğŸŒˆ Prenom pour fille du jour: ğŸ’• Emma-Lou ğŸ’•! Trouvez d'autres prÃ©noms uniques sur l'appli. ğŸ“± https://t.co/a6l0HQvTQf ou ğŸ“” dÃ©couvrez plus d'informations sur le prÃ©nom #Emma-Lou sur https://t.co/SyPZRd4fJF #prÃ©nom #enceinte #bÃ©bÃ© #maternitÃ© #parents #futuremaman #grossesse https://t.co/8td8SeoU3N
2022-10-20 08:37:47+00:00,1583014604409544704,"Retrouvez nous demain pour plus de citationsğŸŒ

#aventuregrossesse #bienetreperinatal #enceinte #bebe #maman #futuremaman #accouchement https://t.co/D41G9rLB2q"
2022-10-20 07:01:30+00:00,1582990375169441792,"Quel est ta plus belle Citation ? Partage-la nous en commentaire !ğŸŒ
.
#citation #citationbebe #citationgrossesse #grossesse #enceinte #futuremaman https://t.co/aDpnLzIYKr"
2022-10-20 06:01:05+00:00,1582975170012098561,ğŸŒˆ Prenom pour garÃ§on du jour: ğŸ’• Milan ğŸ’•! Trouvez d'autres prÃ©noms uniques sur l'appli. ğŸ“± https://t.co/a6l0HQvTQf ou ğŸ“” dÃ©couvrez plus d'informations sur le prÃ©nom #Milan sur https://t.co/22hs33MwN7 #prÃ©nom #enceinte #bÃ©bÃ© #maternitÃ© #parents #futuremaman #grossesse https://t.co/rk5YSUnJIb
2022-10-19 17:01:05+00:00,1582778875096223747,ğŸŒˆ Prenom pour fille du jour: ğŸ’• Daisy ğŸ’•! Trouvez d'autres prÃ©noms uniques sur l'appli. ğŸ“± https://t.co/a6l0HQO34n ou ğŸ“” dÃ©couvrez plus d'informations sur le prÃ©nom #Daisy sur https://t.co/wMHMfvyPre #prÃ©nom #enceinte #bÃ©bÃ© #maternitÃ© #parents #futuremaman #grossesse https://t.co/PW8DsA77ml
2022-10-19 16:23:44+00:00,1582769476613066752,"DÃ©couvrez ce coussin pour les jambes ultra confortable fabriquÃ© en Europe sur @Yogimag !

https://t.co/LYpN2PQ4Ey 

#bienetre #accessoiresdebienetre #confortalamaison #santÃ© #santenaturelle #santÃ©naturelle #prendresoindesoi #prendresoindesoncorps #femmeenceinte #futuremaman #yoga https://t.co/uN2XkRRkPz"
2022-10-19 11:01:22+00:00,1582688350464606208,"Qu'en penses-tu ?ğŸ˜œâ˜€
.
#aventuregrossesse #bienetreperinatal #doula #sagefemme #conseilsgrossesse #grossesse #enceinte #baby #bebe #maman #futuremaman #mumtobe #mumlife #accouchement #conseilsdoulas https://t.co/cClu81cBpI"
2022-10-19 08:37:31+00:00,1582652152115232769,"Retrouvez nous demain pour plus de citationsğŸŒ

#aventuregrossesse #bienetreperinatal #enceinte #bebe #maman #futuremaman #accouchement https://t.co/9IY2x8VXb5"
2022-10-19 07:01:39+00:00,1582628022963798017,"Quel est ta plus belle Citation ? Partage-la nous en commentaire !ğŸŒ
.
#citation #citationbebe #citationgrossesse #grossesse #enceinte #futuremaman https://t.co/otXkSAjWr9"
2022-10-19 06:01:05+00:00,1582612782322798592,ğŸŒˆ Prenom pour garÃ§on du jour: ğŸ’• Cyprien ğŸ’•! Trouvez d'autres prÃ©noms uniques sur l'appli. ğŸ“± https://t.co/a6l0HQNveP ou ğŸ“” dÃ©couvrez plus d'informations sur le prÃ©nom #Cyprien sur https://t.co/jsPPzNxHLH #prÃ©nom #enceinte #bÃ©bÃ© #maternitÃ© #parents #futuremaman #grossesse https://t.co/2zVNCpm1Df
2022-10-18 17:01:05+00:00,1582416487180283904,ğŸŒˆ Prenom pour fille du jour: ğŸ’• Lana ğŸ’•! Trouvez d'autres prÃ©noms uniques sur l'appli. ğŸ“± https://t.co/a6l0HQO34n ou ğŸ“” dÃ©couvrez plus d'informations sur le prÃ©nom #Lana sur https://t.co/lYVTGBknSK #prÃ©nom #enceinte #bÃ©bÃ© #maternitÃ© #parents #futuremaman #grossesse https://t.co/GlAVv3UxtK
2022-10-18 08:37:26+00:00,1582289742133182464,"Retrouvez nous demain pour plus de citationsğŸŒ

#aventuregrossesse #bienetreperinatal #enceinte #bebe #maman #futuremaman #accouchement https://t.co/TpvIQQIy9d"
2022-10-18 07:01:31+00:00,1582265603112554497,"Quel est ta plus belle Citation ? Partage-la nous en commentaire !ğŸŒ
.
#citation #citationbebe #citationgrossesse #grossesse #enceinte #futuremaman https://t.co/xZdvGsUGXJ"
2022-10-18 06:01:05+00:00,1582250395975311360,ğŸŒˆ Prenom pour garÃ§on du jour: ğŸ’• Brice ğŸ’•! Trouvez d'autres prÃ©noms uniques sur l'appli. ğŸ“± https://t.co/a6l0HQvTQf ou ğŸ“” dÃ©couvrez plus d'informations sur le prÃ©nom #Brice sur https://t.co/TdtlUHxedT #prÃ©nom #enceinte #bÃ©bÃ© #maternitÃ© #parents #futuremaman #grossesse https://t.co/fPFqVd8eSj
2022-10-17 17:01:05+00:00,1582054100425789440,ğŸŒˆ Prenom pour fille du jour: ğŸ’• NoÃ©mie ğŸ’•! Trouvez d'autres prÃ©noms uniques sur l'appli. ğŸ“± https://t.co/a6l0HQvTQf ou ğŸ“” dÃ©couvrez plus d'informations sur le prÃ©nom #NoÃ©mie sur https://t.co/s0suaDKA5g #prÃ©nom #enceinte #bÃ©bÃ© #maternitÃ© #parents #futuremaman #grossesse https://t.co/NnhzkBzJ3o
2022-10-17 08:37:25+00:00,1581927349318213632,"Retrouvez nous demain pour plus de citationsğŸŒ

#aventuregrossesse #bienetreperinatal #enceinte #bebe #maman #futuremaman #accouchement https://t.co/AoG6XyeF14"
2022-10-17 07:01:33+00:00,1581903222452756483,"Quel est ta plus belle Citation ? Partage-la nous en commentaire !ğŸŒ
.
#citation #citationbebe #citationgrossesse #grossesse #enceinte #futuremaman https://t.co/vzxDDKsL1Z"
2022-10-17 06:01:05+00:00,1581888008202072064,ğŸŒˆ Prenom pour garÃ§on du jour: ğŸ’• Eliot ğŸ’•! Trouvez d'autres prÃ©noms uniques sur l'appli. ğŸ“± https://t.co/a6l0HQvTQf ou ğŸ“” dÃ©couvrez plus d'informations sur le prÃ©nom #Eliot sur https://t.co/8m4E5fZU2d #prÃ©nom #enceinte #bÃ©bÃ© #maternitÃ© #parents #futuremaman #grossesse https://t.co/s2GGkkPGnD
2022-10-16 17:01:06+00:00,1581691716146724864,ğŸŒˆ Prenom pour fille du jour: ğŸ’• Chloe ğŸ’•! Trouvez d'autres prÃ©noms uniques sur l'appli. ğŸ“± https://t.co/a6l0HQO34n ou ğŸ“” dÃ©couvrez plus d'informations sur le prÃ©nom #Chloe sur https://t.co/966nmbnvuU #prÃ©nom #enceinte #bÃ©bÃ© #maternitÃ© #parents #futuremaman #grossesse https://t.co/6XwzRanF2u
2022-10-16 08:37:23+00:00,1581564952556470272,"Retrouvez nous demain pour plus de citationsğŸŒ

#aventuregrossesse #bienetreperinatal #enceinte #bebe #maman #futuremaman #accouchement https://t.co/05aNnetNKo"
2022-10-16 07:01:31+00:00,1581540827968507904,"Quel est ta plus belle Citation ? Partage-la nous en commentaire !ğŸŒ
.
#citation #citationbebe #citationgrossesse #grossesse #enceinte #futuremaman https://t.co/iYCPSgVMZq"
2022-10-16 06:01:05+00:00,1581525617807216640,ğŸŒˆ Prenom pour garÃ§on du jour: ğŸ’• Lucas ğŸ’•! Trouvez d'autres prÃ©noms uniques sur l'appli. ğŸ“± https://t.co/a6l0HQvTQf ou ğŸ“” dÃ©couvrez plus d'informations sur le prÃ©nom #Lucas sur https://t.co/mva0btxjsw #prÃ©nom #enceinte #bÃ©bÃ© #maternitÃ© #parents #futuremaman #grossesse https://t.co/0HRnbuMmlA
2022-10-15 17:06:34+00:00,1581330705824755714,"Parure naissance ""PastÃ¨que"" #anvidevy #tricotaddict #crochetersofinstagram #babybumb #babyshower #cadeaupersonnalisÃ© #naissancebÃ©bÃ© #newborn #futuremaman #pregnancy #babylove #instababy #fashionbaby #layette https://t.co/W1WWvxoCX9"
2022-10-15 17:01:05+00:00,1581329324388806661,ğŸŒˆ Prenom pour fille du jour: ğŸ’• Elif ğŸ’•! Trouvez d'autres prÃ©noms uniques sur l'appli. ğŸ“± https://t.co/a6l0HQO34n ou ğŸ“” dÃ©couvrez plus d'informations sur le prÃ©nom #Elif sur https://t.co/1s4giyZIfP #prÃ©nom #enceinte #bÃ©bÃ© #maternitÃ© #parents #futuremaman #grossesse https://t.co/5ZBL18Fmtt
2022-10-15 15:47:26+00:00,1581310789285134336,"Parure naissance ""Tendre Pastel"" #anvidevy #tricotaddict #crochetersofinstagram #babybumb #babyshower #cadeaupersonnalisÃ© #tendresse #naissancebÃ©bÃ© #newborn #futuremaman #pregnancy #pastel #babylove #instababy #fashionbaby #layette https://t.co/tArOoVnZAQ"
2022-10-15 08:37:24+00:00,1581202567882805248,"Retrouvez nous demain pour plus de citationsğŸŒ

#aventuregrossesse #bienetreperinatal #enceinte #bebe #maman #futuremaman #accouchement https://t.co/vubEaYlKsM"
2022-10-15 07:01:29+00:00,1581178430418206720,"Quel est ta plus belle Citation ? Partage-la nous en commentaire !ğŸŒ
.
#citation #citationbebe #citationgrossesse #grossesse #enceinte #futuremaman https://t.co/w2Kdksd1dz"
2022-10-15 06:01:04+00:00,1581163228675338242,ğŸŒˆ Prenom pour garÃ§on du jour: ğŸ’• Steve ğŸ’•! Trouvez d'autres prÃ©noms uniques sur l'appli. ğŸ“± https://t.co/a6l0HQO34n ou ğŸ“” dÃ©couvrez plus d'informations sur le prÃ©nom #Steve sur https://t.co/TD1e7o1Vyn #prÃ©nom #enceinte #bÃ©bÃ© #maternitÃ© #parents #futuremaman #grossesse https://t.co/ezzzrjBaUJ
2022-10-14 17:01:05+00:00,1580966937127170048,ğŸŒˆ Prenom pour fille du jour: ğŸ’• Helena ğŸ’•! Trouvez d'autres prÃ©noms uniques sur l'appli. ğŸ“± https://t.co/a6l0HQO34n ou ğŸ“” dÃ©couvrez plus d'informations sur le prÃ©nom #Helena sur https://t.co/bcJ0Sx0uri #prÃ©nom #enceinte #bÃ©bÃ© #maternitÃ© #parents #futuremaman #grossesse https://t.co/3UbxxBHTaE
2022-10-14 08:37:25+00:00,1580840184278650880,"Retrouvez nous demain pour plus de citationsğŸŒ

#aventuregrossesse #bienetreperinatal #enceinte #bebe #maman #futuremaman #accouchement https://t.co/HL1nSjai5n"
2022-10-14 07:01:34+00:00,1580816063893278721,"Quel est ta plus belle Citation ? Partage-la nous en commentaire !ğŸŒ
.
#citation #citationbebe #citationgrossesse #grossesse #enceinte #futuremaman https://t.co/uCq95PaUzz"
2022-10-14 06:01:05+00:00,1580800842521010176,ğŸŒˆ Prenom pour garÃ§on du jour: ğŸ’• Giovanni ğŸ’•! Trouvez d'autres prÃ©noms uniques sur l'appli. ğŸ“± https://t.co/a6l0HQO34n ou ğŸ“” dÃ©couvrez plus d'informations sur le prÃ©nom #Giovanni sur https://t.co/BYhuoHH06J #prÃ©nom #enceinte #bÃ©bÃ© #maternitÃ© #parents #futuremaman #grossesse https://t.co/CLITcwyIUu
2022-10-13 17:01:04+00:00,1580604547311235072,ğŸŒˆ Prenom pour fille du jour: ğŸ’• ZoÃ© ğŸ’•! Trouvez d'autres prÃ©noms uniques sur l'appli. ğŸ“± https://t.co/a6l0HQO34n ou ğŸ“” dÃ©couvrez plus d'informations sur le prÃ©nom #ZoÃ© sur https://t.co/DcsV11TuLR #prÃ©nom #enceinte #bÃ©bÃ© #maternitÃ© #parents #futuremaman #grossesse https://t.co/toDfz1GwSW
2022-10-13 08:37:24+00:00,1580477791899992065,"Retrouvez nous demain pour plus de citationsğŸŒ

#aventuregrossesse #bienetreperinatal #enceinte #bebe #maman #futuremaman #accouchement https://t.co/VWKqGfyF0M"
2022-10-13 07:42:43+00:00,1580464030493208576,"Retrouvez cet article dans ma boutique Etsy

#bapteme 
#dieu
#france
#enfants
#futuremaman
#babyboy
#baby
#cadeau
https://t.co/6xCc7NaU5N"
2022-10-13 07:01:36+00:00,1580453686765027328,"Quel est ta plus belle Citation ? Partage-la nous en commentaire !ğŸŒ
.
#citation #citationbebe #citationgrossesse #grossesse #enceinte #futuremaman https://t.co/B4CfLOQUVl"
2022-10-13 06:01:06+00:00,1580438458656468994,ğŸŒˆ Prenom pour garÃ§on du jour: ğŸ’• Joaquim ğŸ’•! Trouvez d'autres prÃ©noms uniques sur l'appli. ğŸ“± https://t.co/a6l0HQvTQf ou ğŸ“” dÃ©couvrez plus d'informations sur le prÃ©nom #Joaquim sur https://t.co/KMBBHVjpln #prÃ©nom #enceinte #bÃ©bÃ© #maternitÃ© #parents #futuremaman #grossesse https://t.co/QnWmzFPy2E
2022-10-12 21:25:17+00:00,1580308649859518464,#chutedecheveux #grossesse #futuremaman #accouchement #allaitement #cheveuxlong #beauongles #onglecassant #nails https://t.co/m4wHNSU35D
2022-10-12 17:01:05+00:00,1580242159936057346,ğŸŒˆ Prenom pour fille du jour: ğŸ’• CloÃ© ğŸ’•! Trouvez d'autres prÃ©noms uniques sur l'appli. ğŸ“± https://t.co/a6l0HQvTQf ou ğŸ“” dÃ©couvrez plus d'informations sur le prÃ©nom #CloÃ© sur https://t.co/bGJfrKXda1 #prÃ©nom #enceinte #bÃ©bÃ© #maternitÃ© #parents #futuremaman #grossesse https://t.co/FxmrbRzgCx
2022-10-12 11:01:21+00:00,1580151632083419136,"Qu'en penses-tu ?ğŸ˜œâ˜€
.
#aventuregrossesse #bienetreperinatal #doula #sagefemme #conseilsgrossesse #grossesse #enceinte #baby #bebe #maman #futuremaman #mumtobe #mumlife #accouchement #conseilsdoulas https://t.co/vmeKN4sMqy"
2022-10-12 08:37:23+00:00,1580115401677078528,"Retrouvez nous demain pour plus de citationsğŸŒ

#aventuregrossesse #bienetreperinatal #enceinte #bebe #maman #futuremaman #accouchement https://t.co/WjvFYwf51E"
2022-10-12 07:01:35+00:00,1580091291634917377,"Quel est ta plus belle Citation ? Partage-la nous en commentaire !ğŸŒ
.
#citation #citationbebe #citationgrossesse #grossesse #enceinte #futuremaman https://t.co/T6VJd7fhsR"
2022-10-12 06:01:05+00:00,1580076066487820289,ğŸŒˆ Prenom pour garÃ§on du jour: ğŸ’• ThÃ©ophile ğŸ’•! Trouvez d'autres prÃ©noms uniques sur l'appli. ğŸ“± https://t.co/a6l0HQO34n ou ğŸ“” dÃ©couvrez plus d'informations sur le prÃ©nom #ThÃ©ophile sur https://t.co/dmk8a01u3a #prÃ©nom #enceinte #bÃ©bÃ© #maternitÃ© #parents #futuremaman #grossesse https://t.co/GYV6EX7cZB
2022-10-11 18:54:09+00:00,1579908228884099072,"Ma nouvelle vidÃ©o est en ligne.
Un petit partage ou mÃªme un abonnement Ã§a serai super gentil pour me motiver ğŸŒ¸ğŸ¤

https://t.co/5GGReTF6Lt

#futuremaman"
2022-10-11 17:01:07+00:00,1579879781885440000,ğŸŒˆ Prenom pour fille du jour: ğŸ’• Scarlett ğŸ’•! Trouvez d'autres prÃ©noms uniques sur l'appli. ğŸ“± https://t.co/a6l0HQO34n ou ğŸ“” dÃ©couvrez plus d'informations sur le prÃ©nom #Scarlett sur https://t.co/qDkpcIC7Vs #prÃ©nom #enceinte #bÃ©bÃ© #maternitÃ© #parents #futuremaman #grossesse https://t.co/d5Y34LY6hZ
2022-10-11 08:37:21+00:00,1579753007176187904,"Retrouvez nous demain pour plus de citationsğŸŒ

#aventuregrossesse #bienetreperinatal #enceinte #bebe #maman #futuremaman #accouchement https://t.co/T9xVq5rYBH"
2022-10-11 07:01:27+00:00,1579728872668553217,"Quel est ta plus belle Citation ? Partage-la nous en commentaire !ğŸŒ
.
#citation #citationbebe #citationgrossesse #grossesse #enceinte #futuremaman https://t.co/B7Ynfg8VoZ"
2022-10-11 06:47:29+00:00,1579725355388375042,"Sols oÃ¹ s'accumulent moins de substances prÃ©occupantes ğŸ‘‰ Faciliter le nettoyage

#SanteEnvironnement
#SanteEnvironnementale
#futursparents 
#futurpapa 
#futuremaman https://t.co/5n4hV2IEaa"
2022-10-11 06:01:05+00:00,1579713679591108608,ğŸŒˆ Prenom pour garÃ§on du jour: ğŸ’• Leonardo ğŸ’•! Trouvez d'autres prÃ©noms uniques sur l'appli. ğŸ“± https://t.co/a6l0HQO34n ou ğŸ“” dÃ©couvrez plus d'informations sur le prÃ©nom #Leonardo sur https://t.co/q3uh73QN1q #prÃ©nom #enceinte #bÃ©bÃ© #maternitÃ© #parents #futuremaman #grossesse https://t.co/ZjoCaMlpLH
2022-10-10 19:13:57+00:00,1579550824619212803,"Si toi aussi tu as un objectif ou un besoin quelconque ğŸ’ªğŸŒ¿abonne toi a mon IG neniep77
#futuremaman #depression #fatigue #sommeil #MamansEtCelebres #objectif https://t.co/uL5hiW1rT0"
2022-10-10 17:01:06+00:00,1579517388953116673,ğŸŒˆ Prenom pour fille du jour: ğŸ’• LÃ©ane ğŸ’•! Trouvez d'autres prÃ©noms uniques sur l'appli. ğŸ“± https://t.co/a6l0HQO34n ou ğŸ“” dÃ©couvrez plus d'informations sur le prÃ©nom #LÃ©ane sur https://t.co/cmSR7Gwphq #prÃ©nom #enceinte #bÃ©bÃ© #maternitÃ© #parents #futuremaman #grossesse https://t.co/oFjgBSnuPd
2022-10-10 14:01:53+00:00,1579472290806661122,"Quel est le meilleur moment pour organiser une sÃ©ance de photographie de naissance ?
#enceinte #pregnancy #pregnant #futuremaman #momtobe #maman #baby #bebe #instababy #babybump #love #babygirl #family #momlife #babyboy #maternity #maternite #pregnantstyle #breastfeeding #allait https://t.co/oRr42FAMgu"
2022-10-10 08:37:22+00:00,1579390621336346626,"Retrouvez nous demain pour plus de citationsğŸŒ

#aventuregrossesse #bienetreperinatal #enceinte #bebe #maman #futuremaman #accouchement https://t.co/iB3zHal2FV"
2022-10-10 07:01:28+00:00,1579366485713207296,"Quel est ta plus belle Citation ? Partage-la nous en commentaire !ğŸŒ
.
#citation #citationbebe #citationgrossesse #grossesse #enceinte #futuremaman https://t.co/CCHGocEioZ"
2022-10-10 06:01:05+00:00,1579351292882714625,ğŸŒˆ Prenom pour garÃ§on du jour: ğŸ’• Baptiste ğŸ’•! Trouvez d'autres prÃ©noms uniques sur l'appli. ğŸ“± https://t.co/a6l0HQvTQf ou ğŸ“” dÃ©couvrez plus d'informations sur le prÃ©nom #Baptiste sur https://t.co/N9V3xY3Zs0 #prÃ©nom #enceinte #bÃ©bÃ© #maternitÃ© #parents #futuremaman #grossesse https://t.co/6j9d8JJbBh
2022-10-09 17:01:05+00:00,1579154996914180096,ğŸŒˆ Prenom pour fille du jour: ğŸ’• Laure ğŸ’•! Trouvez d'autres prÃ©noms uniques sur l'appli. ğŸ“± https://t.co/a6l0HQO34n ou ğŸ“” dÃ©couvrez plus d'informations sur le prÃ©nom #Laure sur https://t.co/aXdMe3gH6P #prÃ©nom #enceinte #bÃ©bÃ© #maternitÃ© #parents #futuremaman #grossesse https://t.co/UEeDaKHAvW
2022-10-09 09:55:42+00:00,1579047948041977857,"Des futures mamans ont connu la dÃ©couverte dâ€™un Â«Â kyste du Velum InterpositumÂ Â» Ã  lâ€™Ã©chographie du second trimestre ?
Est ce quâ€™on doit sâ€™inquiÃ©ter pour bÃ©bÃ© ? ğŸ˜­ #help #mumtobe #futuremaman"
2022-10-09 08:37:21+00:00,1579028227749707776,"Retrouvez nous demain pour plus de citationsğŸŒ

#aventuregrossesse #bienetreperinatal #enceinte #bebe #maman #futuremaman #accouchement https://t.co/ChDKnj0c9f"
2022-10-09 07:01:28+00:00,1579004099110084609,"Quel est ta plus belle Citation ? Partage-la nous en commentaire !ğŸŒ
.
#citation #citationbebe #citationgrossesse #grossesse #enceinte #futuremaman https://t.co/2nyojxRmfs"
2022-10-09 06:01:06+00:00,1578988905957044224,ğŸŒˆ Prenom pour garÃ§on du jour: ğŸ’• Louis ğŸ’•! Trouvez d'autres prÃ©noms uniques sur l'appli. ğŸ“± https://t.co/a6l0HQO34n ou ğŸ“” dÃ©couvrez plus d'informations sur le prÃ©nom #Louis sur https://t.co/GniTXP9Uub #prÃ©nom #enceinte #bÃ©bÃ© #maternitÃ© #parents #futuremaman #grossesse https://t.co/4Bj0gOYXqR
2022-10-08 17:01:05+00:00,1578792609744461829,ğŸŒˆ Prenom pour fille du jour: ğŸ’• Liv ğŸ’•! Trouvez d'autres prÃ©noms uniques sur l'appli. ğŸ“± https://t.co/a6l0HQvTQf ou ğŸ“” dÃ©couvrez plus d'informations sur le prÃ©nom #Liv sur https://t.co/P8noG1kOAo #prÃ©nom #enceinte #bÃ©bÃ© #maternitÃ© #parents #futuremaman #grossesse https://t.co/iykWC7qdma
2022-10-08 14:40:14+00:00,1578757164524769283,"VOTRE BEAUTÃ‰ PENDANT LA GROSSESSE
#conseilsgrossesse #futuremaman #grossesse
#enceinte  #bienetreperinatal  #maman 
https://t.co/AccrIm3w2g"
2022-10-08 14:36:55+00:00,1578756331539873792,"ATTENTION AUX RÃ‰GIMES PENDANT LA GROSSESSE
#accouchement  #maman #futuremaman
#bienetreperinatal #enceinte #conseilsgrossesse
https://t.co/lf4yK19WMk"
2022-10-08 14:33:28+00:00,1578755459896340482,"GROSSESSE ET INTERDITS : DÃ‰MÃŠLER LE VRAI DU FAUX
https://t.co/AQ63wNku6c
#futuremaman #enceinte #conception #bÃ©bÃ©s
#grossesse #maman"
2022-10-08 14:01:14+00:00,1578747348309934080,#enceinte #pregnancy #pregnant #futuremaman #momtobe #maman #baby #bebe #instababy #babybump #love #babygirl #family #momlife #babyboy #maternity #maternite #pregnantstyle #breastfeeding #allaitement  #famille #motherhood #bijoux #bÃ©bÃ© #maternage #suivezmoi #suivez #suiveznous https://t.co/5pMnXUL0AZ
2022-10-08 08:37:25+00:00,1578665857579892742,"Retrouvez nous demain pour plus de citationsğŸŒ

#aventuregrossesse #bienetreperinatal #enceinte #bebe #maman #futuremaman #accouchement https://t.co/2NaYUuyRKz"
2022-10-08 07:02:27+00:00,1578641958368591872,"Quel est ta plus belle Citation ? Partage-la nous en commentaire !ğŸŒ
.
#citation #citationbebe #citationgrossesse #grossesse #enceinte #futuremaman https://t.co/9POtBTXLLh"
2022-10-08 06:01:04+00:00,1578626513510998018,ğŸŒˆ Prenom pour garÃ§on du jour: ğŸ’• Logan ğŸ’•! Trouvez d'autres prÃ©noms uniques sur l'appli. ğŸ“± https://t.co/a6l0HQNveP ou ğŸ“” dÃ©couvrez plus d'informations sur le prÃ©nom #Logan sur https://t.co/rpxT81J12O #prÃ©nom #enceinte #bÃ©bÃ© #maternitÃ© #parents #futuremaman #grossesse https://t.co/NAmb2ij1UD
2022-10-07 17:01:04+00:00,1578430218913685505,ğŸŒˆ Prenom pour fille du jour: ğŸ’• Amelie ğŸ’•! Trouvez d'autres prÃ©noms uniques sur l'appli. ğŸ“± https://t.co/a6l0HQNveP ou ğŸ“” dÃ©couvrez plus d'informations sur le prÃ©nom #Amelie sur https://t.co/q12bxAS63Q #prÃ©nom #enceinte #bÃ©bÃ© #maternitÃ© #parents #futuremaman #grossesse https://t.co/HdWzZ3fE0B
2022-10-07 11:15:58+00:00,1578343369520320512,"Ensemble naissance en gris et Ã©cru, les explications sont disponibles sur mon forum ( lien en bio ) #anvidevy #tricot #maillesaddict #baby #babyshower #cadeaunaissance #newborn #futuremaman #pregnant #instababy #fashionbaby #layette #knitforyourbaby #artisanat #tejido #hook https://t.co/bKSgGcYAsH"
2022-10-07 08:37:27+00:00,1578303479306665987,"Retrouvez nous demain pour plus de citationsğŸŒ

#aventuregrossesse #bienetreperinatal #enceinte #bebe #maman #futuremaman #accouchement https://t.co/bdHOgHcYXy"
2022-10-07 07:01:31+00:00,1578279335995363329,"Quel est ta plus belle Citation ? Partage-la nous en commentaire !ğŸŒ
.
#citation #citationbebe #citationgrossesse #grossesse #enceinte #futuremaman https://t.co/nUnd98zmtZ"
2022-10-07 06:01:04+00:00,1578264125095952385,ğŸŒˆ Prenom pour garÃ§on du jour: ğŸ’• Miguel ğŸ’•! Trouvez d'autres prÃ©noms uniques sur l'appli. ğŸ“± https://t.co/a6l0HQNveP ou ğŸ“” dÃ©couvrez plus d'informations sur le prÃ©nom #Miguel sur https://t.co/hUP50adDnO #prÃ©nom #enceinte #bÃ©bÃ© #maternitÃ© #parents #futuremaman #grossesse https://t.co/J94W4IEsO3
2022-10-06 17:01:04+00:00,1578067831626899458,ğŸŒˆ Prenom pour fille du jour: ğŸ’• Irene ğŸ’•! Trouvez d'autres prÃ©noms uniques sur l'appli. ğŸ“± https://t.co/a6l0HQNveP ou ğŸ“” dÃ©couvrez plus d'informations sur le prÃ©nom #Irene sur https://t.co/rfaHUqjB3g #prÃ©nom #enceinte #bÃ©bÃ© #maternitÃ© #parents #futuremaman #grossesse https://t.co/ts3c8TH81b
2022-10-06 08:37:26+00:00,1577941085623664640,"Retrouvez nous demain pour plus de citationsğŸŒ

#aventuregrossesse #bienetreperinatal #enceinte #bebe #maman #futuremaman #accouchement https://t.co/G8V8fmmExD"
2022-10-06 07:01:28+00:00,1577916935240646657,"Quel est ta plus belle Citation ? Partage-la nous en commentaire !ğŸŒ
.
#citation #citationbebe #citationgrossesse #grossesse #enceinte #futuremaman https://t.co/TY6sixrwjJ"
2022-10-06 06:01:04+00:00,1577901735741374465,ğŸŒˆ Prenom pour garÃ§on du jour: ğŸ’• Nicholas ğŸ’•! Trouvez d'autres prÃ©noms uniques sur l'appli. ğŸ“± https://t.co/a6l0HQNveP ou ğŸ“” dÃ©couvrez plus d'informations sur le prÃ©nom #Nicholas sur https://t.co/kXD2skmwV6 #prÃ©nom #enceinte #bÃ©bÃ© #maternitÃ© #parents #futuremaman #grossesse https://t.co/CoMw8ASIFV
2022-10-05 17:01:06+00:00,1577705448945422340,ğŸŒˆ Prenom pour fille du jour: ğŸ’• Jasmine ğŸ’•! Trouvez d'autres prÃ©noms uniques sur l'appli. ğŸ“± https://t.co/a6l0HQNveP ou ğŸ“” dÃ©couvrez plus d'informations sur le prÃ©nom #Jasmine sur https://t.co/XJRnvVRSvw #prÃ©nom #enceinte #bÃ©bÃ© #maternitÃ© #parents #futuremaman #grossesse https://t.co/ISd0FRCxPq
2022-10-05 11:01:21+00:00,1577614917775007744,"Qu'en penses-tu ?ğŸ˜œâ˜€
.
#aventuregrossesse #bienetreperinatal #doula #sagefemme #conseilsgrossesse #grossesse #enceinte #baby #bebe #maman #futuremaman #mumtobe #mumlife #accouchement #conseilsdoulas https://t.co/ztSc4BcP81"
2022-10-05 08:37:25+00:00,1577578694943641602,"Retrouvez nous demain pour plus de citationsğŸŒ

#aventuregrossesse #bienetreperinatal #enceinte #bebe #maman #futuremaman #accouchement https://t.co/6eBQpVXfpO"
2022-10-05 07:01:45+00:00,1577554621228359680,"Quel est ta plus belle Citation ? Partage-la nous en commentaire !ğŸŒ
.
#citation #citationbebe #citationgrossesse #grossesse #enceinte #futuremaman https://t.co/hkI5QYJtbj"
2022-10-05 06:01:04+00:00,1577539350098845696,ğŸŒˆ Prenom pour garÃ§on du jour: ğŸ’• Vianney ğŸ’•! Trouvez d'autres prÃ©noms uniques sur l'appli. ğŸ“± https://t.co/a6l0HQNveP ou ğŸ“” dÃ©couvrez plus d'informations sur le prÃ©nom #Vianney sur https://t.co/p9OVCrsbkH #prÃ©nom #enceinte #bÃ©bÃ© #maternitÃ© #parents #futuremaman #grossesse https://t.co/grlShPxloI
2022-10-04 17:01:06+00:00,1577343061583171584,ğŸŒˆ Prenom pour fille du jour: ğŸ’• Sarah-Anne ğŸ’•! Trouvez d'autres prÃ©noms uniques sur l'appli. ğŸ“± https://t.co/a6l0HQNveP ou ğŸ“” dÃ©couvrez plus d'informations sur le prÃ©nom #Sarah-Anne sur https://t.co/gNvMEWQtoQ #prÃ©nom #enceinte #bÃ©bÃ© #maternitÃ© #parents #futuremaman #grossesse https://t.co/bhsrSdGCtR
2022-10-04 14:53:20+00:00,1577310910280249345,"we are here to answer you. 

#prenatalhealing #postnatalhealing #iipelindia #iipeldubai #mumlife #babyshower #bebe #newborn #love #mum #motherhood #maman #maternity #babybump #futuremaman #momtobe #weekspregnant #family #handmade #b #enceinte #pregnantbelly #momlife #newmum https://t.co/mhTqr4HmTY"
2022-10-04 11:44:53+00:00,1577263484282482689,"Qu'en pensez-vous ? ğŸ¤” Partagez votre point de vue dans les commentaires ğŸ‘‡ğŸ» :)

Vous pouvez aussi partager/taguer unÂ·e amiÂ·e que ceci pourrait intÃ©resser ! ğŸ¤

#SanteEnvironnementale
#futurpapa 
#futuremaman
#protegeonsnosenfants https://t.co/gbT1VmAIJO"
2022-10-04 08:37:26+00:00,1577216310764765185,"Retrouvez nous demain pour plus de citationsğŸŒ

#aventuregrossesse #bienetreperinatal #enceinte #bebe #maman #futuremaman #accouchement https://t.co/zg6MdKVwjO"
2022-10-04 07:01:30+00:00,1577192167893778432,"Quel est ta plus belle Citation ? Partage-la nous en commentaire !ğŸŒ
.
#citation #citationbebe #citationgrossesse #grossesse #enceinte #futuremaman https://t.co/4N4vQczKbc"
2022-10-04 06:01:04+00:00,1577176960861618178,ğŸŒˆ Prenom pour garÃ§on du jour: ğŸ’• ThÃ©o ğŸ’•! Trouvez d'autres prÃ©noms uniques sur l'appli. ğŸ“± https://t.co/a6l0HQNveP ou ğŸ“” dÃ©couvrez plus d'informations sur le prÃ©nom #ThÃ©o sur https://t.co/cn97eLtqT1 #prÃ©nom #enceinte #bÃ©bÃ© #maternitÃ© #parents #futuremaman #grossesse https://t.co/InRkPfUeVZ
2022-10-03 17:01:05+00:00,1576980670047469568,ğŸŒˆ Prenom pour fille du jour: ğŸ’• Jeanne ğŸ’•! Trouvez d'autres prÃ©noms uniques sur l'appli. ğŸ“± https://t.co/a6l0HQNveP ou ğŸ“” dÃ©couvrez plus d'informations sur le prÃ©nom #Jeanne sur https://t.co/1KD1k5zxAR #prÃ©nom #enceinte #bÃ©bÃ© #maternitÃ© #parents #futuremaman #grossesse https://t.co/WCnOph4VeV
2022-10-03 12:42:17+00:00,1576915542853779457,"Cauchemars enceinte : Quels sont les rÃªves les plus frÃ©quents ? Quelle signification ont-ils ? ğŸ¤”ğŸ˜´

#pregnant #enceinte #sommeil #futuremaman #grossess https://t.co/5cjV3ScB4i https://t.co/uMx7asKw3M"
2022-10-03 08:37:30+00:00,1576853941043740672,"Retrouvez nous demain pour plus de citationsğŸŒ

#aventuregrossesse #bienetreperinatal #enceinte #bebe #maman #futuremaman #accouchement https://t.co/Ni4d09R4PN"
2022-10-03 07:01:33+00:00,1576829792703348737,"Quel est ta plus belle Citation ? Partage-la nous en commentaire !ğŸŒ
.
#citation #citationbebe #citationgrossesse #grossesse #enceinte #futuremaman https://t.co/Uo60lhax0N"
2022-10-03 06:01:07+00:00,1576814583095910407,ğŸŒˆ Prenom pour garÃ§on du jour: ğŸ’• Stan ğŸ’•! Trouvez d'autres prÃ©noms uniques sur l'appli. ğŸ“± https://t.co/a6l0HQNveP ou ğŸ“” dÃ©couvrez plus d'informations sur le prÃ©nom #Stan sur https://t.co/xPgjQgw93E #prÃ©nom #enceinte #bÃ©bÃ© #maternitÃ© #parents #futuremaman #grossesse https://t.co/J4FFDzbjub
2022-10-02 17:01:09+00:00,1576618298241945601,ğŸŒˆ Prenom pour fille du jour: ğŸ’• Bianca ğŸ’•! Trouvez d'autres prÃ©noms uniques sur l'appli. ğŸ“± https://t.co/a6l0HQNveP ou ğŸ“” dÃ©couvrez plus d'informations sur le prÃ©nom #Bianca sur https://t.co/F7HG8IZu83 #prÃ©nom #enceinte #bÃ©bÃ© #maternitÃ© #parents #futuremaman #grossesse https://t.co/znujo3NoX7
2022-10-02 08:37:23+00:00,1576491523541188608,"Retrouvez nous demain pour plus de citationsğŸŒ

#aventuregrossesse #bienetreperinatal #enceinte #bebe #maman #futuremaman #accouchement https://t.co/WJUmlXD3rf"
2022-10-02 07:01:29+00:00,1576467390430429185,"Quel est ta plus belle Citation ? Partage-la nous en commentaire !ğŸŒ
.
#citation #citationbebe #citationgrossesse #grossesse #enceinte #futuremaman https://t.co/HqBkjgueeB"
