User,Tweet
PrenomBebea2,ğŸŒˆ Prenom pour fille du jour: ğŸ’• Lily-Rose ğŸ’•! Trouvez d'autres prÃ©noms uniques sur l'appli. ğŸ“± https://t.co/a6l0HQO34n ou ğŸ“” dÃ©couvrez plus d'informations sur le prÃ©nom #Lily-Rose sur https://t.co/FGb2mslKAv #prÃ©nom #enceinte #bÃ©bÃ© #maternitÃ© #parents #futuremaman #grossesse https://t.co/1ebMsvIa4f
Ludoludic,"RT @CelineEyes: Mia et Charles 

Dâ€™autres shootings Ã  dÃ©couvrir ici : https://t.co/EovW19sxOD

  Infos &amp; tarifs en ligne 

#photographe #phâ€¦"
LadyErellVrai,"RT @CelineEyes: Mia et Charles 

Dâ€™autres shootings Ã  dÃ©couvrir ici : https://t.co/EovW19sxOD

  Infos &amp; tarifs en ligne 

#photographe #phâ€¦"
CelineEyes,"Mia et Charles 

Dâ€™autres shootings Ã  dÃ©couvrir ici : https://t.co/EovW19sxOD

  Infos &amp; tarifs en ligne 

#photographe #photographer #femmephotographe #portrait #modele #modelephoto #shooting #celinepivoine  #boudoir #sourire #blackmodel #black #couple #enceinte #grossesse https://t.co/3n76MnSgqb"
AngieBabyPlanet,Gaufres de LiÃ¨ge Pendant ce https://t.co/mMtTB0Im7H #grossesse #maman #maternitÃ© #parent #bebe #parentalite #conseillereperinatale
Photo_Gil,SÃ©ance photo grossesse et maternitÃ© Ã  Lyon : https://t.co/ufm4knKkdg #maternity #photographelyon #lyon #grossesse #photogrossesse #photographegrossesselyon #studiophotolyon #studiophotogil #pregnant #pregnancy #femmeenceinte #maternitÃ© #portrait #portraitphotography #shooting https://t.co/TUaBzpqiXd
consoglobe,"#Futures #mamans, pouvez-vous rÃ©aliser vos #soins #dentaires #pendant la #grossesse ? Quelles #prÃ©cautions sont Ã  prendre #enceinte chez le #dentiste ? On fait le point.
https://t.co/7RY3vogCNq"
LadyErellVrai,"RT @CelineEyes: Mia et Charles 

Dâ€™autres shootings Ã  dÃ©couvrir ici : https://t.co/EovW19sxOD

  Infos &amp; tarifs en ligne 

#femmephotographâ€¦"
CelineEyes,"Mia et Charles 

Dâ€™autres shootings Ã  dÃ©couvrir ici : https://t.co/EovW19sxOD

  Infos &amp; tarifs en ligne 

#femmephotographe #portrait #femme  #modele #modelephoto #shooting #celinepivoine  #boudoir #therapieparlimage #sourire #blackmodel #black #couple #enceinte #grossesse https://t.co/8r4531Etww"
UnusFr,"#CreutzfeldtJakob #sida #surmortalitÃ© #diabete #thrombose turbo #cancer #mort subite #meningite
#infertilitÃ© #scientisme #rhesus  #StopInjection #coagulation #ouestmoncycle #avc #convulsion #pims #grossesse #pericardite #SyndromeGuillainBarrÃ©
#coronacircus #narcolepsie #infarctus https://t.co/8rmK5enQ69"
plenitude_fr,"Quel est ta plus belle Citation ? Partage-la nous en commentaire !ğŸŒ
.
#citation #citationbebe #citationgrossesse #grossesse #enceinte #futuremaman https://t.co/NAzyJd6CKi"
PrenomBebea2,ğŸŒˆ Prenom pour garÃ§on du jour: ğŸ’• William ğŸ’•! Trouvez d'autres prÃ©noms uniques sur l'appli. ğŸ“± https://t.co/a6l0HQvTQf ou ğŸ“” dÃ©couvrez plus d'informations sur le prÃ©nom #William sur https://t.co/raA3lU5cyK #prÃ©nom #enceinte #bÃ©bÃ© #maternitÃ© #parents #futuremaman #grossesse https://t.co/eCPe4ynwzB
Miss_Ch4w,"RT @ToulemondeJulie: L'efficacitÃ© de la #CAF ou un exemple de la bureautie franÃ§aise...tu demandes une carte de prioritÃ© le 21 avril, enceiâ€¦"
Miss_Ch4w,"En 8 mois,j'avais pas eu de crises d'hormones.. Me voilÃ  en train de pleurer pour rien.. #Grossesse #Enceinte #Hormones"
AngieBabyPlanet,Les ActivitÃ©s Ludiques Turbulentes Lors de https://t.co/auZLVoEp07 #grossesse #maman #maternitÃ© #bebe #parentalite #conseillereperinatale
KbfMelo951,"Enceinte, ce qui me manquait le plus câ€™etait le saucisson et le chorizo, maintenant que jâ€™ai accouchÃ©, mon ventre ne les supporte plus ğŸ˜«ğŸ˜­ğŸ˜­ #grossesse"
SanteNeaFr,"Grossesse et santÃ© : BientÃ´t un moyen portatif de rÃ©aliser les Ã©chographies Ã  la maison ğŸ”ğŸ‘€

#santÃ© #medicalprogress #innovation #grossesse https://t.co/SNHQl1fHKe https://t.co/c9r4GkpDUI"
blondie1742,"Cc , jolie robe Ã©vasÃ©e bordeaux femme taille 42/44 a vendre sur Vinted ""blondie1742""â¤ï¸ğŸŒ¹

https://t.co/4tJW3l3GsQ

#vinted
#robe
#robes
#maternitÃ©
#grossesse https://t.co/U2d7ihGze0"
PrenomBebea2,ğŸŒˆ Prenom pour fille du jour: ğŸ’• Rosalie ğŸ’•! Trouvez d'autres prÃ©noms uniques sur l'appli. ğŸ“± https://t.co/a6l0HQvTQf ou ğŸ“” dÃ©couvrez plus d'informations sur le prÃ©nom #Rosalie sur https://t.co/rwjfcfqqMl #prÃ©nom #enceinte #bÃ©bÃ© #maternitÃ© #parents #futuremaman #grossesse https://t.co/F2v6jSAoqN
NeveuxBertrand,"#Autisme: le rÃ©sultat possible dâ€™une infection durant la #grossesse ?

https://t.co/yJsQUHlCPs https://t.co/twa5avUgut"
AngieBabyPlanet,Sortie : Planet OcÃ©an _ Montpellier https://t.co/IZlafq5F6u #grossesse #maman #maternitÃ© #parent #bebe #parentalite #conseillereperinatale
plenitude_fr,"Quel est ta plus belle Citation ? Partage-la nous en commentaire !ğŸŒ
.
#citation #citationbebe #citationgrossesse #grossesse #enceinte #futuremaman https://t.co/5bUUE10z3h"
PrenomBebea2,ğŸŒˆ Prenom pour garÃ§on du jour: ğŸ’• Paul ğŸ’•! Trouvez d'autres prÃ©noms uniques sur l'appli. ğŸ“± https://t.co/a6l0HQO34n ou ğŸ“” dÃ©couvrez plus d'informations sur le prÃ©nom #Paul sur https://t.co/W05S5nxXmA #prÃ©nom #enceinte #bÃ©bÃ© #maternitÃ© #parents #futuremaman #grossesse https://t.co/WMyCcwEmG3
AngieBabyPlanet,Coucou ! Chez les Petites BÃªtes Les https://t.co/Yd6W0xTBFN #grossesse #maman #maternitÃ© #parent #bebe #parentalite #conseillereperinatale
BellyBanditFR,"Belly BanditÂ® Upsie BellyÂ® âœ¨â 
â 
ğŸ“¸: @the.homely.homeschooler â 
â 
Cette bande de maintien super confortable s'adapte Ã  votre forme changeante pour offrir le maintien parfait ! ğŸ’–â 
â         
https://t.co/Gan7CEdo1x

#bellybandit #bellybanditfr #maman #mamanetbebe #grossesse https://t.co/EKDm6M43rJ"
ZuccoT,"RT @MagCortex: La qualitÃ© de lâ€™#alimentation pendant la #grossesse joue un rÃ´le sur le #neurodÃ©veloppement de lâ€™enfant, selon une Ã©tude conâ€¦"
PrenomBebea2,ğŸŒˆ Prenom pour fille du jour: ğŸ’• Emma-Lou ğŸ’•! Trouvez d'autres prÃ©noms uniques sur l'appli. ğŸ“± https://t.co/a6l0HQvTQf ou ğŸ“” dÃ©couvrez plus d'informations sur le prÃ©nom #Emma-Lou sur https://t.co/SyPZRd4fJF #prÃ©nom #enceinte #bÃ©bÃ© #maternitÃ© #parents #futuremaman #grossesse https://t.co/8td8SeoU3N
sergyl_lafont,"#handicap #grossesse #maternitÃ©
https://t.co/0Wl1Xv8FOl"
AngieBabyPlanet,Grosse ColÃ¨re : Lecture enfant https://t.co/fCgvCCAN8u #grossesse #maman #maternitÃ© #parent #bebe #parentalite #conseillereperinatale
spartanlife103,"Quand est-il bon de reprendre le sport aprÃ¨s l'accouchement ?
Bon pour la santÃ© et le moral, le sport permet aussi de...
https://t.co/SAUjWC0X93
#reprisesportive #grossesse  #accouchement #Sante #moral #maman https://t.co/1Ggxi8EYwt"
aveilleur,RT @DemarchesAdm: Lâ€™Ã©tape #maternitÃ© est un incontournable pour la plupart des femmes enceintes. ğŸ¤° Quand et comment sâ€™inscrire ? Quels sontâ€¦
DemarchesAdm,"Lâ€™Ã©tape #maternitÃ© est un incontournable pour la plupart des femmes enceintes. ğŸ¤° Quand et comment sâ€™inscrire ? Quels sont les documents Ã  prÃ©senter ? 
#Grossesse
https://t.co/DyTkUgLDpH https://t.co/m7l4lLXZ5d"
CerveauEn,"RT @MagCortex: La qualitÃ© de lâ€™#alimentation pendant la #grossesse joue un rÃ´le sur le #neurodÃ©veloppement de lâ€™enfant, selon une Ã©tude conâ€¦"
destinationsant,Femme enceinte : pourquoi la libido fout le camp ? https://t.co/oKrI2E4lXy #Alaune #femme #grossesse #libido #maternitÃ© https://t.co/K6HL4kyS5M
doctissimo,"Une deuxiÃ¨me #greffe d'#utÃ©rus a Ã©tÃ© rÃ©alisÃ©e Ã  l'HÃ´pital Foch en #France et une seconde #grossesse est en cours chez la premiÃ¨re greffÃ©e. Un grand bravo aux Ã©quipes mÃ©dicales !

https://t.co/Ne7kBY72al"
TonyaErnst14,"Kristin ğŸ˜†
Chat with me via Whatsapp
https://t.co/eG2myc9V5Q
#grossesse #genaumeinziel #zdfheute https://t.co/GEpZroJl8M"
MagCortex,"La qualitÃ© de lâ€™#alimentation pendant la #grossesse joue un rÃ´le sur le #neurodÃ©veloppement de lâ€™enfant, selon une Ã©tude conduite par @Inserm et @InedFr (abonnÃ©s).
https://t.co/2ttGtIijux https://t.co/cC4wrVfAae"
mamandiary,Florence Pernoud qui explique quâ€™il faut taire les 3 premiers mois de grossesse et ses maux pour ne pas Ãªtre pÃ©nible. Mais on marche sur la tÃªte lÃ  ğŸ˜‘ğŸ¤¦â€â™€ï¸ #grossesse #parentalitÃ© https://t.co/VDssilh2kI
plenitude_fr,"Quel est ta plus belle Citation ? Partage-la nous en commentaire !ğŸŒ
.
#citation #citationbebe #citationgrossesse #grossesse #enceinte #futuremaman https://t.co/aDpnLzIYKr"
AXAKarineLV,"Grossesse : conseils sur les dÃ©marches administratives Ã  entreprendre ğŸ˜‰

#santÃ© #grossesse #administratifdelasantÃ© https://t.co/wyNfiJjyVU https://t.co/l9OXSYVc3Y"
CappCourtage,"Grossesse : conseils sur les dÃ©marches administratives Ã  entreprendre ğŸ˜‰

#santÃ© #grossesse #administratifdelasantÃ© https://t.co/7X693CBygj https://t.co/ze45Ayi3FG"
PrenomBebea2,ğŸŒˆ Prenom pour garÃ§on du jour: ğŸ’• Milan ğŸ’•! Trouvez d'autres prÃ©noms uniques sur l'appli. ğŸ“± https://t.co/a6l0HQvTQf ou ğŸ“” dÃ©couvrez plus d'informations sur le prÃ©nom #Milan sur https://t.co/22hs33MwN7 #prÃ©nom #enceinte #bÃ©bÃ© #maternitÃ© #parents #futuremaman #grossesse https://t.co/rk5YSUnJIb
cathysimonet,"RT @CHURennes: [IMAGES]
Le @CHURennes prend soin des femmes ğŸ¤°
En immersion durant qq semaines Ã  la #maternitÃ©, la photographe @acestevephotâ€¦"
AngieBabyPlanet,Nuggets de Poulet _ Recette https://t.co/ZIfd5vHYK6 #grossesse #maman #maternitÃ© #parent #bebe #parentalite #conseillereperinatale
JeffBallester,#shoot #shooting #photo #PHOTOS #Photographie #grossesse #pic #picoftheday #PhotoOfTheWeek #PictureOfTheDay #photographer #blackandwhite https://t.co/vgXUIzsQe4
AudeVisine,"DerniÃ¨res donnÃ©es sur #covid19, #vaccination et #grossesse â¤µï¸ https://t.co/CaU4emo8BA"
sjeunehomme,"RT @APSMSsanteetsoc: Description : Ã©tat de #santÃ© mÃ¨res et nouveau-nÃ©s, leurs caractÃ©ristiques, pratiques
mÃ©dicales durant la #grossesse etâ€¦"
AngieBabyPlanet,Les croÃ»tes de lait Quelques https://t.co/MT5K5t06A8 #grossesse #maman #maternitÃ© #parent #bebe #parentalite #conseillereperinatale
PrenomBebea2,ğŸŒˆ Prenom pour fille du jour: ğŸ’• Daisy ğŸ’•! Trouvez d'autres prÃ©noms uniques sur l'appli. ğŸ“± https://t.co/a6l0HQO34n ou ğŸ“” dÃ©couvrez plus d'informations sur le prÃ©nom #Daisy sur https://t.co/wMHMfvyPre #prÃ©nom #enceinte #bÃ©bÃ© #maternitÃ© #parents #futuremaman #grossesse https://t.co/PW8DsA77ml
Akinou0,"Porter la vie est une bÃ©nÃ©diction, un pouvoir que seules les femmes ont. Un mystÃ¨re, Ã©galant celui de lâ€™univers. Ce 2Ã¨me cÅ“ur qui bat finit par sortir de soi au bout de 9 mois, et marcher Ã  nos cÃ´tÃ©s pour toujours. Lâ€™incarnation de lâ€™amour. â™¥ï¸ #grossesse"
Inovaomarket,"ğŸ‘‰WOMUMğŸ˜
ğŸ˜ŠWoMum est la premiÃ¨re box de cosmÃ©tique pour femmes enceintes et nourrissons
Box conÃ§ue avec des professionnels de santÃ© =&gt; https://t.co/fCIQi33IWs

#conseillereperinatale #grossesse #parentalitÃ© #grossesse #maman #maternitÃ© #bebe https://t.co/78bO9UoHqf"
PharmacieVoyage,"Ã€ savoir : Un repos est nÃ©cessaire pendant les 24 heures qui suivent l'amniocentÃ¨se ğŸ¤°ğŸ˜´

#Grossesse #Nourrisson #BÃ©bÃ© #PrÃ©ventionSantÃ© https://t.co/m2PsBSeBYf"
AmarEmmanuelle,"RT @DrFontanarosa: NOUVEAU RAPPORT DE LA #CNEOF (2022)

Nouveau rapport dÃ©finitif de la CNEOF sur lâ€™#Ã©chographie obstÃ©tricale de #dÃ©pistageâ€¦"
PerinatMed,"RT @DrFontanarosa: NOUVEAU RAPPORT DE LA #CNEOF (2022)

Nouveau rapport dÃ©finitif de la CNEOF sur lâ€™#Ã©chographie obstÃ©tricale de #dÃ©pistageâ€¦"
DrFontanarosa,"NOUVEAU RAPPORT DE LA #CNEOF (2022)

Nouveau rapport dÃ©finitif de la CNEOF sur lâ€™#Ã©chographie obstÃ©tricale de #dÃ©pistage 
#Obstetrique #Gynecologie #Grossesse #DiagnosticPrenatal 

https://t.co/fGlNLrVCBS"
plenitude_fr,"Qu'en penses-tu ?ğŸ˜œâ˜€
.
#aventuregrossesse #bienetreperinatal #doula #sagefemme #conseilsgrossesse #grossesse #enceinte #baby #bebe #maman #futuremaman #mumtobe #mumlife #accouchement #conseilsdoulas https://t.co/cClu81cBpI"
CHURennes,"[IMAGES]
Le @CHURennes prend soin des femmes ğŸ¤°
En immersion durant qq semaines Ã  la #maternitÃ©, la photographe @acestevephoto  a pu saisir des moments uniques et exceptionnels de la vie des femmes #grossesse #naissance #FIV #AMP #fertilitÃ© https://t.co/zJFjrcrboh via @YouTube"
LeMagJuridique,"ğŸ™ LA VOIE DU DROIT

Si le #mÃ©decin oublie de cocher la case sur le formulaire d'arrÃªt maladie permettant d'indiquer que l'Ã©tat pathologique de la salariÃ©e est liÃ© Ã  sa #grossesse, alors celle-ci n'est pas protÃ©gÃ©e contre le licenciement ğŸ¤°

Le #Podcast â¤µï¸
https://t.co/x24vjaaDe1 https://t.co/zqlEYykn0H"
APSMSsanteetsoc,"Description : Ã©tat de #santÃ© mÃ¨res et nouveau-nÃ©s, leurs caractÃ©ristiques, pratiques
mÃ©dicales durant la #grossesse et au moment de lâ€™#accouchement, et caractÃ©ristiques des lieux
dâ€™accouchements en France. 
https://t.co/eD7VNlREpa https://t.co/U73aDgYSpq"
doctissimo,"Soulager les #douleurs de type fausses sciatiques avec le #yoga #prÃ©natal, c'est possible ! Elodie Prou nous explique les exercices possibles. 
https://t.co/TURgHHEBL1

#yoga #yogaprenatal #sciatique #douleursciatique #grossesse"
ToulemondeJulie,"L'efficacitÃ© de la #CAF ou un exemple de la bureautie franÃ§aise...tu demandes une carte de prioritÃ© le 21 avril, enceinte de 15 semaines et le 19 octobre, aprÃ¨s ton accouchement, tu pourras enfin avoir prioritÃ© pour t'asseoir dans le mÃ©tro. Merci pour ce moment. #grossesse. https://t.co/gwfmSIHHEi"
agnes_desmars,"RT @ChPerpignan: Un grand merci Ã  nos Ã©quipes pour leur implication ğŸ’–

#SMAM #SMAM22 #allaitement #maternel #maternitÃ© #nÃ©onat #neonatologiâ€¦"
plenitude_fr,"Quel est ta plus belle Citation ? Partage-la nous en commentaire !ğŸŒ
.
#citation #citationbebe #citationgrossesse #grossesse #enceinte #futuremaman https://t.co/otXkSAjWr9"
PrenomBebea2,ğŸŒˆ Prenom pour garÃ§on du jour: ğŸ’• Cyprien ğŸ’•! Trouvez d'autres prÃ©noms uniques sur l'appli. ğŸ“± https://t.co/a6l0HQNveP ou ğŸ“” dÃ©couvrez plus d'informations sur le prÃ©nom #Cyprien sur https://t.co/jsPPzNxHLH #prÃ©nom #enceinte #bÃ©bÃ© #maternitÃ© #parents #futuremaman #grossesse https://t.co/2zVNCpm1Df
sedatif,"RT @JeunesmedecinsF: [Rappel - Appel Ã  #tÃ©moignage]
#MÃ©decin, tu as Ã©tÃ© victime ou tÃ©moin de #sexisme au travail ? Tu as Ã©tÃ© victime ou tÃ©mâ€¦"
SusanJCallis1,RT @RelatedBaby: #jumeaux #twins #maman #mamandejumeaux #famille #baby #mumlife #bebe #love #b #mumoftwins #twinsbaby #family #jumelles #viâ€¦
AngieBabyPlanet,La cap des 6 ans Ã€ la crÃ©ation de mon https://t.co/jdiiRX1Wq5 #grossesse #maternitÃ© #parent #bebe #parentalite #conseillereperinatale
OMSRDCONGO,"La #grossesse est toujours possible pendant la ""pÃ©rimÃ©nopause"". La contraception est recommandÃ©e pour Ã©viter une grossesse non dÃ©sirÃ©e jusqu'au bout de 12 mois consÃ©cutifs sans menstruation https://t.co/qnHPnvcRfX"
PrenomBebea2,ğŸŒˆ Prenom pour fille du jour: ğŸ’• Lana ğŸ’•! Trouvez d'autres prÃ©noms uniques sur l'appli. ğŸ“± https://t.co/a6l0HQO34n ou ğŸ“” dÃ©couvrez plus d'informations sur le prÃ©nom #Lana sur https://t.co/lYVTGBknSK #prÃ©nom #enceinte #bÃ©bÃ© #maternitÃ© #parents #futuremaman #grossesse https://t.co/GlAVv3UxtK
NeveuxBertrand,"Une forte exposition au #glyphosate pendant la #grossesse aurait un impact sur la croissance fÅ“tale et entraÃ®nerait une baisse du poids Ã  la naissance chez les bÃ©bÃ©s

https://t.co/1sx9cNblZk https://t.co/6EZVc0N8mA"
ChPerpignan,"Un grand merci Ã  nos Ã©quipes pour leur implication ğŸ’–

#SMAM #SMAM22 #allaitement #maternel #maternitÃ© #nÃ©onat #neonatologie #IHAB #labelIHAB #OMS #Unicef #famille #naissance #enfant #bÃ©bÃ© #hopital #santÃ© #felicatation #bravo #engagement #professionnels #soins #parents #grossesse"
AdvaitaGhost,"RT @AddictAbstinent: #Alcool et #Grossesse - un tÃ©moignage courageux.
Rappel : pendant la grossesses, c'est ZERO #alcool."
OstFF,"RT @AddictAbstinent: #Alcool et #Grossesse - un tÃ©moignage courageux.
Rappel : pendant la grossesses, c'est ZERO #alcool."
JeunesmedecinsF,"[Rappel - Appel Ã  #tÃ©moignage]
#MÃ©decin, tu as Ã©tÃ© victime ou tÃ©moin de #sexisme au travail ? Tu as Ã©tÃ© victime ou tÃ©moin de #discriminations en lien avec la #grossesse ?"
_Elisalto,"RT @AddictAbstinent: #Alcool et #Grossesse - un tÃ©moignage courageux.
Rappel : pendant la grossesses, c'est ZERO #alcool."
AngieBabyPlanet,Comment rassurer son enfant ? Le https://t.co/qsI2Q21BZv #grossesse #maman #maternitÃ© #parent #bebe #parentalite #conseillereperinatale
AddictAbstinent,"#Alcool et #Grossesse - un tÃ©moignage courageux.
Rappel : pendant la grossesses, c'est ZERO #alcool. https://t.co/AYah69zaG9"
BWasexo,RT @AfriqueMdia: Syndrome dâ€™Alcoolisation FÅ“tale : lâ€™essentiel Ã  savoir sur ce rÃ©el problÃ¨me de santÃ© publique https://t.co/EnEqnswhXe @OMSâ€¦
SAFFrance,RT @AfriqueMdia: Syndrome dâ€™Alcoolisation FÅ“tale : lâ€™essentiel Ã  savoir sur ce rÃ©el problÃ¨me de santÃ© publique https://t.co/EnEqnswhXe @OMSâ€¦
VeroGarnier78,"RT @CPAM_75: ğŸ’» Devenir Parent 
â†’ un espace sur https://t.co/edNLboe8Wy pour informer, orienter et accompagner les futurs parents dans leurâ€¦"
invitraFR,"Quel est le taux de rÃ©ussite d'une FIV avec sperme de donneur? 

https://t.co/8OnSbx64J5

#infertilitÃ© #sterilitÃ© #pma #amp #procreationmedicalementassistÃ©e #fiv #icsi #fivettes #pmettes #grossesse #tomberenceinte #inseminationartificielle #fecondationinvitro"
ADHD_Europe,"RT @INSV_Sommeil: ""Les futures #mamans qui ont un rythme rÃ©gulier de #sommeil durant les derniers mois de leur #grossesse ont des #enfantsâ€¦"
plenitude_fr,"Quel est ta plus belle Citation ? Partage-la nous en commentaire !ğŸŒ
.
#citation #citationbebe #citationgrossesse #grossesse #enceinte #futuremaman https://t.co/xZdvGsUGXJ"
PrenomBebea2,ğŸŒˆ Prenom pour garÃ§on du jour: ğŸ’• Brice ğŸ’•! Trouvez d'autres prÃ©noms uniques sur l'appli. ğŸ“± https://t.co/a6l0HQvTQf ou ğŸ“” dÃ©couvrez plus d'informations sur le prÃ©nom #Brice sur https://t.co/TdtlUHxedT #prÃ©nom #enceinte #bÃ©bÃ© #maternitÃ© #parents #futuremaman #grossesse https://t.co/fPFqVd8eSj
AngieBabyPlanet,Je parle en signes avec mon bÃ©bÃ© https://t.co/RANMNSVkSG #grossesse #maman #maternitÃ© #parent #bebe #parentalite #conseillereperinatale
Ouakil8,"RT @INSV_Sommeil: ""Les futures #mamans qui ont un rythme rÃ©gulier de #sommeil durant les derniers mois de leur #grossesse ont des #enfantsâ€¦"
DelScope,"RT @INSV_Sommeil: ""Les futures #mamans qui ont un rythme rÃ©gulier de #sommeil durant les derniers mois de leur #grossesse ont des #enfantsâ€¦"
HCommunale,"Grossesse : conseils sur les dÃ©marches administratives Ã  entreprendre ğŸ˜‰

#santÃ© #grossesse #administratifdelasantÃ© https://t.co/durv32TynU https://t.co/LBTccRPykV"
PrenomBebea2,ğŸŒˆ Prenom pour fille du jour: ğŸ’• NoÃ©mie ğŸ’•! Trouvez d'autres prÃ©noms uniques sur l'appli. ğŸ“± https://t.co/a6l0HQvTQf ou ğŸ“” dÃ©couvrez plus d'informations sur le prÃ©nom #NoÃ©mie sur https://t.co/s0suaDKA5g #prÃ©nom #enceinte #bÃ©bÃ© #maternitÃ© #parents #futuremaman #grossesse https://t.co/NnhzkBzJ3o
RegineMFO,"RT @INSV_Sommeil: ""Les futures #mamans qui ont un rythme rÃ©gulier de #sommeil durant les derniers mois de leur #grossesse ont des #enfantsâ€¦"
MalletJasmina,"RT @INSV_Sommeil: ""Les futures #mamans qui ont un rythme rÃ©gulier de #sommeil durant les derniers mois de leur #grossesse ont des #enfantsâ€¦"
AngieBabyPlanet,"BabycrÃ©a, box DIY pour futurs &amp; jeunes https://t.co/A7GE4i1vBW #grossesse #maternitÃ© #parent #bebe #parentalite #conseillereperinatale"
pa_geoffroy,"RT @INSV_Sommeil: ""Les futures #mamans qui ont un rythme rÃ©gulier de #sommeil durant les derniers mois de leur #grossesse ont des #enfantsâ€¦"
CPAM_75,"ğŸ’» Devenir Parent 
â†’ un espace sur https://t.co/edNLboe8Wy pour informer, orienter et accompagner les futurs parents dans leur dÃ©marches ğŸ‘ª
ğŸ‘‰https://t.co/TTtRUm1vQY
via @Assur_Maladie 
#grossesse #naissance #maternitÃ© #paternitÃ© 
#FutursParents #AssuranceMaladie https://t.co/lPML6T5XQ5"
GMorzine,"Ã€ savoir : Un repos est nÃ©cessaire pendant les 24 heures qui suivent l'amniocentÃ¨se ğŸ¤°ğŸ˜´

#Grossesse #Nourrisson #BÃ©bÃ© #PrÃ©ventionSantÃ© https://t.co/9JA9I7H09n"
JulieSeronvalle,"Je sollicite votre aide afin de dÃ©terminer quels Ã©lÃ©ments sont importants Ã  prendre en compte pour Ã©valuer l'expÃ©rience de la prise en charge de l'IVG/
#avorterenbelgique #qualitedessoins #IVG #avortement #interruptiondegrossesse #grossesse https://t.co/TEiBXZz9xj"
INSV_Sommeil,"""Les futures #mamans qui ont un rythme rÃ©gulier de #sommeil durant les derniers mois de leur #grossesse ont des #enfants qui vont faire leurs #nuits plus tÃ´t"" StÃ©phanie Bioulac-Rogier, professeure de psychiatrie de l'enfant et de l'adolescent @CHUBordeaux @COFRADEnfant https://t.co/D4YLr5RZa7"
chu_angers,"#SMAM2022 ğŸ¤±

Au programme au CHU ce lundi 17/10/22 :

âœ… Projection du film ""La Voie LactÃ©e"", suivi d'un dÃ©bat

ğŸ“Œ Ã  15h, Ã  l'amphithÃ©Ã¢tre Larrey

En savoir plus â¤µâ¤µâ¤µ
https://t.co/SZNwDa6a0f

#allaitement #parent #grossesse

@lalecheleague
@ars_pdl
@LecheFrance"
IrepsBFC,"#PÃ©rinatalitÃ© : Les EnquÃªtes Nationales PÃ©rinatales (ENP) recueillent des informations sur lâ€™Ã©tat de santÃ© des mÃ¨res et des nouveau-nÃ©s, les pratiques mÃ©dicales pendant la #grossesse et lâ€™accouchement. 
https://t.co/y5U3AGXNyf"
Enjoy_Reunion,"Un joli cadeau ğŸ pour tout achat d'un Bola de grossesse âœ¨
DÃ©couvrez les Bolas de grossesse â¤ï¸ sur rendez-vous avec Carlyne au showroom Ã  la RiviÃ¨re Saint-Louis ou sur la boutique en ligne âœ¨
https://t.co/BmtD7szo8U

#bola #bebe #grossesse #bijoux #reunionisland #france https://t.co/ZtXq9BR8tZ"
ManuCar04342541,"RT @ArsBretagne: #MoisSansTabac âœŒï¸l ""Si je fume pendant ma #grossesse, c'est grave docteur ?"" 

On vs explique comment faire au mieux pourâ€¦"
plenitude_fr,"Quel est ta plus belle Citation ? Partage-la nous en commentaire !ğŸŒ
.
#citation #citationbebe #citationgrossesse #grossesse #enceinte #futuremaman https://t.co/vzxDDKsL1Z"
PrenomBebea2,ğŸŒˆ Prenom pour garÃ§on du jour: ğŸ’• Eliot ğŸ’•! Trouvez d'autres prÃ©noms uniques sur l'appli. ğŸ“± https://t.co/a6l0HQvTQf ou ğŸ“” dÃ©couvrez plus d'informations sur le prÃ©nom #Eliot sur https://t.co/8m4E5fZU2d #prÃ©nom #enceinte #bÃ©bÃ© #maternitÃ© #parents #futuremaman #grossesse https://t.co/s2GGkkPGnD
destinationsant,"La grossesse est une grande Ã©tape dans la vie dâ€™un couple. Mais elle sâ€™accompagne parfois, pour le futur papa, dâ€™une diminution voire dâ€™une perte du dÃ©sir sexuel pour sa compagne. Pourquoi ?
https://t.co/slYd2pyte0

#grossesse #homme #libido #paternitÃ©"
AngieBabyPlanet,"Un automne Ã  Madison, lâ€™histoire dâ€™une https://t.co/5ZvWdMFXFb #grossesse #maman #maternitÃ© #bebe #parentalite #conseillereperinatale"
BzhMois,"RT @ArsBretagne: #MoisSansTabac âœŒï¸l ""Si je fume pendant ma #grossesse, c'est grave docteur ?"" 

On vs explique comment faire au mieux pourâ€¦"
AddFrance_PDL,"RT @ArsBretagne: #MoisSansTabac âœŒï¸l ""Si je fume pendant ma #grossesse, c'est grave docteur ?"" 

On vs explique comment faire au mieux pourâ€¦"
AngieBabyPlanet,Magicube Mix &amp; Match Geomag Aujourd'hui je https://t.co/aTwHR7wtfE #grossesse #maternitÃ© #parent #bebe #parentalite #conseillereperinatale
lvaillant,RT @pharmaciensAPES: Quels critÃ¨res glycÃ©miques doit-on utiliser pour le diagnostic du diabÃ¨te gestationnel? Plus bas ou plus Ã©levÃ©? https:â€¦
PrenomBebea2,ğŸŒˆ Prenom pour fille du jour: ğŸ’• Chloe ğŸ’•! Trouvez d'autres prÃ©noms uniques sur l'appli. ğŸ“± https://t.co/a6l0HQO34n ou ğŸ“” dÃ©couvrez plus d'informations sur le prÃ©nom #Chloe sur https://t.co/966nmbnvuU #prÃ©nom #enceinte #bÃ©bÃ© #maternitÃ© #parents #futuremaman #grossesse https://t.co/6XwzRanF2u
neon_mediafr,"""Je nâ€™ai appelÃ© personne"" : Laure Manaudou se confie sur son Ã©prouvante dÃ©pression post-partum
â¡ï¸ https://t.co/yY67eYyRo1
#Accouchement #Psycho #Grossesse https://t.co/Sy44XGKr9S"
Accuray_Fr,"Leslie, 27 ans : ""J'ai appris mon #CancerDuSein et ma #grossesse en mÃªme temps"" #OctobreRose #TÃ©moignage | #hcsmeufr @scoopit https://t.co/9kuzKrFF6X"
radiotherapiefr,"Leslie, 27 ans : ""J'ai appris mon #CancerDuSein et ma #grossesse en mÃªme temps"" #OctobreRose #TÃ©moignage | #hcsmeufr @scoopit https://t.co/TzkwndlLMe"
PourAfricain,"RT @StudioTamani: #Mali ğŸ‡²ğŸ‡± A #Bourem, plus de 300 #femmes allaitantes et en Ã©tat de #grossesse ont bÃ©nÃ©ficiÃ© de tickets de subvention alimeâ€¦"
Sy64516235,"RT @ndiogou07: â¤ï¸""La grossesse ğŸ¤° et l'allaitement : 30 mois au total""
ğŸ‘‰ Grossesse 9 mois donc allaitement = 30-9 soit 21 mois
ğŸ‘‰ Si grossessâ€¦"
yakatoukite,"RT @ArsBretagne: #MoisSansTabac âœŒï¸l ""Si je fume pendant ma #grossesse, c'est grave docteur ?"" 

On vs explique comment faire au mieux pourâ€¦"
TCLpoulet,"RT @ArsBretagne: #MoisSansTabac âœŒï¸l ""Si je fume pendant ma #grossesse, c'est grave docteur ?"" 

On vs explique comment faire au mieux pourâ€¦"
ArsBretagne,"#MoisSansTabac âœŒï¸l ""Si je fume pendant ma #grossesse, c'est grave docteur ?"" 

On vs explique comment faire au mieux pour votre bout'chou, ac les questions rÃ©currentes de nos futures mamans qui fument : jetez-y un coup d'Å“il ! ğŸ¤° #AllezlesBretons @BzhMois https://t.co/81Q8FLzXgo"
sow_aaron,"RT @ndiogou07: â¤ï¸""La grossesse ğŸ¤° et l'allaitement : 30 mois au total""
ğŸ‘‰ Grossesse 9 mois donc allaitement = 30-9 soit 21 mois
ğŸ‘‰ Si grossessâ€¦"
AngieBabyPlanet,Sortie : Gigaland les couloirs du https://t.co/le12hfl3AF #grossesse #maman #maternitÃ© #parent #bebe #parentalite #conseillereperinatale
ndiogou07,"â¤ï¸""La grossesse ğŸ¤° et l'allaitement : 30 mois au total""
ğŸ‘‰ Grossesse 9 mois donc allaitement = 30-9 soit 21 mois
ğŸ‘‰ Si grossesse 7 mois donc allaitement = 30-7 soit 23 mois.
#grossesse #allaitement #islam https://t.co/ZKuTZJzg0J"
plenitude_fr,"Quel est ta plus belle Citation ? Partage-la nous en commentaire !ğŸŒ
.
#citation #citationbebe #citationgrossesse #grossesse #enceinte #futuremaman https://t.co/iYCPSgVMZq"
PrenomBebea2,ğŸŒˆ Prenom pour garÃ§on du jour: ğŸ’• Lucas ğŸ’•! Trouvez d'autres prÃ©noms uniques sur l'appli. ğŸ“± https://t.co/a6l0HQvTQf ou ğŸ“” dÃ©couvrez plus d'informations sur le prÃ©nom #Lucas sur https://t.co/mva0btxjsw #prÃ©nom #enceinte #bÃ©bÃ© #maternitÃ© #parents #futuremaman #grossesse https://t.co/0HRnbuMmlA
AngieBabyPlanet,Sortie : Le Vieux Mas â€“ Un voyage https://t.co/LKbOapaX3z #grossesse #maman #maternitÃ© #parent #bebe #parentalite #conseillereperinatale
pallwasted,"RT @SOLIPAM_IdF: ğŸŸ ğ‰ğğ”ğ‘ğğ„ğ„ ğŒğğğƒğˆğ€ğ‹ğ„ ğƒğ„ #ğ’ğ„ğğ’ğˆğğˆğ‹ğˆğ’ğ€ğ“ğˆğğ ğ€ğ” #DEUILPERINATAL ğŸŸ£
Une #grossesse qui n'a pas Ã©tÃ© jusqu'Ã  terme : fausse-couche, iâ€¦"
PrenomBebea2,ğŸŒˆ Prenom pour fille du jour: ğŸ’• Elif ğŸ’•! Trouvez d'autres prÃ©noms uniques sur l'appli. ğŸ“± https://t.co/a6l0HQO34n ou ğŸ“” dÃ©couvrez plus d'informations sur le prÃ©nom #Elif sur https://t.co/1s4giyZIfP #prÃ©nom #enceinte #bÃ©bÃ© #maternitÃ© #parents #futuremaman #grossesse https://t.co/5ZBL18Fmtt
Inovaomarket,"ğŸ‘‰WOMUMğŸ˜
ğŸ˜ŠWoMum est la premiÃ¨re box de cosmÃ©tique pour femmes enceintes et nourrissons
Box conÃ§ue avec des professionnels de santÃ© =&gt; https://t.co/fCIQi3kLYs

#conseillereperinatale #grossesse #parentalitÃ© #grossesse #maman #maternitÃ© #bebe https://t.co/qIEx2mAJUC"
SOLIPAM_IdF,"ğŸŸ ğ‰ğğ”ğ‘ğğ„ğ„ ğŒğğğƒğˆğ€ğ‹ğ„ ğƒğ„ #ğ’ğ„ğğ’ğˆğğˆğ‹ğˆğ’ğ€ğ“ğˆğğ ğ€ğ” #DEUILPERINATAL ğŸŸ£
Une #grossesse qui n'a pas Ã©tÃ© jusqu'Ã  terme : fausse-couche, interruption mÃ©dicale de grossesse, mort fÅ“tale in-uteroâ€¦
Un bÃ©bÃ© dÃ©cÃ©dÃ© dans les premiers jours de sa vieâ€¦ https://t.co/mdJbB9hGdE"
TerraGalice,RT @AddictAbstinent: Une consommation mÃªme ponctuelle ou modÃ©rÃ©e dâ€™#alcool pendant la #grossesse nâ€™est pas anodine et peut entraÃ®ner pour lâ€¦
AngieBabyPlanet,DIY : pots Ã  crayon Lego Voici un https://t.co/ZAwITcq2JV #grossesse #maman #maternitÃ© #parent #bebe #parentalite #conseillereperinatale
bebe_arrive,"#Naissance ğŸ‘¶  BientÃ´t le retour du double nom en Suisse ?  ğŸ§ ğŸ‡¨ğŸ‡­ 

.
.
#doublenom #famille #canton #pere #mere #suisse #mariage #parent #loi #revision #changement #suisseromande #grossesse #enceinte https://t.co/IvCUsrpwUJ"
plenitude_fr,"Quel est ta plus belle Citation ? Partage-la nous en commentaire !ğŸŒ
.
#citation #citationbebe #citationgrossesse #grossesse #enceinte #futuremaman https://t.co/w2Kdksd1dz"
DailyGeekShow,Nouvel article sur DGS : 10 des meilleurs aliments Ã  consommer durant votre grossesse https://t.co/Qt7XIdOge7 #alimentation #grossesse
PrenomBebea2,ğŸŒˆ Prenom pour garÃ§on du jour: ğŸ’• Steve ğŸ’•! Trouvez d'autres prÃ©noms uniques sur l'appli. ğŸ“± https://t.co/a6l0HQO34n ou ğŸ“” dÃ©couvrez plus d'informations sur le prÃ©nom #Steve sur https://t.co/TD1e7o1Vyn #prÃ©nom #enceinte #bÃ©bÃ© #maternitÃ© #parents #futuremaman #grossesse https://t.co/ezzzrjBaUJ
EmaFer28,RT @pharmaciensAPES: Quels critÃ¨res glycÃ©miques doit-on utiliser pour le diagnostic du diabÃ¨te gestationnel? Plus bas ou plus Ã©levÃ©? https:â€¦
AMusicotherapie,"Les diapasons thÃ©rapeutiques, un outil indispensable contre les douleurs.

 #sonotherapie #musicotherapie #diapasonsthÃ©rapeutiques #diapasonsthÃ©rapeutiques #douleurs #tendinites #grossesse https://t.co/DtiVlwUNad"
Prodentim2023,"le miracle de la grossesse 2023 de lisa olson pdf garanti: le miracle de la grossesse pour tomber enceinte enfin ... https://t.co/a2YVTn06i8 
#Grossesse #enceinte #tomberenceinte #Instagram #femme"
PrenomBebea2,ğŸŒˆ Prenom pour fille du jour: ğŸ’• Helena ğŸ’•! Trouvez d'autres prÃ©noms uniques sur l'appli. ğŸ“± https://t.co/a6l0HQO34n ou ğŸ“” dÃ©couvrez plus d'informations sur le prÃ©nom #Helena sur https://t.co/bcJ0Sx0uri #prÃ©nom #enceinte #bÃ©bÃ© #maternitÃ© #parents #futuremaman #grossesse https://t.co/3UbxxBHTaE
StudioTamani,"#Mali ğŸ‡²ğŸ‡± A #Bourem, plus de 300 #femmes allaitantes et en Ã©tat de #grossesse ont bÃ©nÃ©ficiÃ© de tickets de subvention alimentaire cette semaine. Le geste est du Programme alimentaire mondiale (#PAM). ğŸ‘‰ https://t.co/E5NbHd4Zmj https://t.co/jzFzihP99D"
neon_mediafr,"""Je nâ€™ai appelÃ© personne"" : Laure Manaudou se confie sur son Ã©prouvante dÃ©pression post-partum
â¡ï¸ https://t.co/ZWj9byeQ6a
#Accouchement #Psycho #Grossesse https://t.co/zuyzhZFXBd"
pharmaciensAPES,Quels critÃ¨res glycÃ©miques doit-on utiliser pour le diagnostic du diabÃ¨te gestationnel? Plus bas ou plus Ã©levÃ©? https://t.co/IgfSQ2tKDX #grossesse https://t.co/2TXPqKdE59
