Time,User,Tweet
2022-10-18 15:36:45+00:00,WindowsFrance,Vous pouvez d√©sormais acc√©der √† l'ensemble de vos contenus iPhone sur votre PC gr√¢ce √† la nouvelle mise √† jour‚Ä¶ https://t.co/9CiGjAUK0U
2022-10-17 11:36:43+00:00,WindowsFrance,Ctrl + G pour mettre son texte s√©lectionn√© en gras https://t.co/D53tdOOo5K
2022-10-17 11:36:41+00:00,WindowsFrance,Ctrl + Alt + E pour ins√©rer le signe euro (‚Ç¨) https://t.co/OMeoGMKRpR
2022-10-17 11:36:40+00:00,WindowsFrance,"[Thread] 3 raccourcis Word qui vous changeront la vie
Alt + Maj + F si vous voulez ins√©rer une note de bas de page üëá https://t.co/S6GfuFwZVN"
2022-10-13 14:45:00+00:00,WindowsFrance,"Il y a 2 types de personnes 
- Ceux qui saluent √† la fin d'un call üëã
- Ceux qui quittent le call ‚ùå"
2022-10-12 15:19:18+00:00,WindowsFrance,"RT @SurfaceFrance: Plus de simplicit√©, de performances et d'accessibilit√©s, voici les nouveaut√©s #Surface 2022 üëÄ
https://t.co/DYbo8SrKqL"
2022-10-12 09:57:00+00:00,WindowsFrance,RT @SurfaceFrance: Pour suivre le #MicrosoftEvent en direct √† partir de 16h c'est par ici üëáhttps://t.co/lQcAhPZU7l
2022-10-10 15:06:00+00:00,WindowsFrance,"Si ton lundi √©tait une musique, ce serait __________."
2022-10-06 15:15:13+00:00,WindowsFrance,C'est un 10 mais il.elle ne connait pas les wizz
2022-10-05 07:13:11+00:00,WindowsFrance,RT @Windows: spooky szn is upon us üëª https://t.co/3CfNCcFvFu
2022-10-05 07:12:34+00:00,WindowsFrance,RT @XboxGamePassFR: Incroyable les amis https://t.co/nSKKn8L1TD
2022-10-03 08:51:24+00:00,WindowsFrance,Et c'est pas nous qui l'avons dit https://t.co/exIAB8pN3g
2022-10-03 08:13:06+00:00,WindowsFrance,"RT @microsoftfrance: 3 bonnes raisons d‚Äôinstaller la nouvelle mise √† jour #Windows11 :
üëâ Les options d‚Äôorganisation des raccourcis et appli‚Ä¶"
2022-09-29 10:19:59+00:00,WindowsFrance,"La version 1.0 de Grounded est d√©sormais disponible dans le Xbox Game Pass, le PC Game Pass et via le Xbox Cloud Ga‚Ä¶ https://t.co/OPTCpaoRSn"
2022-09-27 13:15:02+00:00,WindowsFrance,V√©ridique https://t.co/0pDznA6AqN
2022-09-27 09:39:25+00:00,WindowsFrance,RT @SurfaceFrance: Rejoignez-nous le 12 octobre √† 16h. #MicrosoftEvent https://t.co/EUAW5Rf3Ew
2022-09-24 09:17:00+00:00,WindowsFrance,"1Ô∏è‚É£ Activation des sous-titres
2Ô∏è‚É£ Ajustement des param√®tres de notification 
3Ô∏è‚É£ Activation de l'audio mono 

D√©co‚Ä¶ https://t.co/T907AKo7cl"
2022-09-23 12:46:43+00:00,WindowsFrance,L'√©t√© c'est termin√© mais continuez de voyager avec #MicrosoftFlightSimulator en cliquant sur chaque image ‚úàÔ∏è https://t.co/afGCEi9Z0G
2022-09-21 13:40:20+00:00,WindowsFrance,"RT @microsoftfrance: La premi√®re mise √† jour majeure de #Windows11 est d√©sormais disponible ü§©

Rester connect√©-e, cr√©er et jouer n'a jamais‚Ä¶"
2022-09-21 12:27:00+00:00,WindowsFrance,"Alors, vous avez trouv√© Clippy ?üìé https://t.co/NHEMrLa7Ji"
